distrito,ano,qtd_familias,ds_nome
Parque Do Carmo,2013,6041.0,PARQUE DO CARMO
Pedreira,2013,2780.0,PEDREIRA
Penha,2013,199.0,PENHA
Perdizes,2013,2947.0,PERDIZES
Perus,2013,317.0,PERUS
Pinheiros,2013,4908.0,PINHEIROS
Pirituba,2013,2815.0,PIRITUBA
Raposo Tavares,2013,4112.0,RAPOSO TAVARES
República,2013,1478.0,REPUBLICA
Rio Pequeno,2013,4548.0,RIO PEQUENO
Santa Cecília,2013,2487.0,SANTA CECILIA
Santana,2013,7748.0,SANTANA
Santo Amaro,2013,4187.0,SANTO AMARO
São Domingos,2013,9442.0,SAO DOMINGOS
São Lucas,2013,7253.0,SAO LUCAS
São Mateus,2013,673.0,SAO MATEUS
São Miguel,2013,15901.0,SAO MIGUEL
Saúde,2013,549.0,SAUDE
Sé,2013,2138.0,SE
Socorro,2013,405.0,SOCORRO
Tatuapé,2013,819.0,TATUAPE
Tremembé,2013,6368.0,TREMEMBE
Tucuruvi,2013,862.0,TUCURUVI
Vila Andrade,2013,6535.0,VILA ANDRADE
Pari,2013,862.0,PARI
Vila Curuçá,2013,8568.0,VILA CURUCA
Vila Formosa,2013,1555.0,VILA FORMOSA
Vila Guilherme,2013,548.0,VILA GUILHERME
Vila Jacuí,2013,7085.0,VILA JACUI
Vila Leopoldina,2013,327.0,VILA LEOPOLDINA
Vila Maria,2013,3559.0,VILA MARIA
Ipiranga,2013,2179.0,IPIRANGA
Itaim Bibi,2013,310.0,ITAIM BIBI
Itaim Paulista,2013,12746.0,ITAIM PAULISTA
Jardim Paulista,2013,174.0,JARDIM PAULISTA
Jardim São Luís,2013,15534.0,JARDIM SAO LUIS
José Bonifácio,2013,4041.0,JOSE BONIFACIO
Lajeado,2013,11418.0,LAJEADO
Lapa,2013,345.0,LAPA
Liberdade,2013,665.0,LIBERDADE
Limão,2013,1999.0,LIMAO
Mandaqui,2013,1458.0,MANDAQUI
Moema,2013,78.0,MOEMA
Vila Mariana,2013,488.0,VILA MARIANA
Vila Matilde,2013,2164.0,VILA MATILDE
Vila Medeiros,2013,2861.0,VILA MEDEIROS
Vila Prudente,2013,1599.0,VILA PRUDENTE
Vila Sônia,2013,2781.0,VILA SONIA
Água Rasa,2013,994.0,AGUA RASA
Alto De Pinheiros,2013,99.0,ALTO DE PINHEIROS
Anhanguera,2013,1606.0,ANHANGUERA
Aricanduva,2013,2588.0,ARICANDUVA
Cursino,2013,1490.0,CURSINO
Ermelino Matarazzo,2013,5856.0,ERMELINO MATARAZZO
Freguesia Do Ó,2013,3633.0,FREGUESIA DO O
Grajaú,2013,23445.0,GRAJAU
Guaianases,2013,5993.0,GUAIANASES
Sacomã,2013,2528.0,SACOMA
Iguatemi,2013,7653.0,IGUATEMI
Brás,2013,871.0,BRAS
Brasilândia,2013,18030.0,BRASILANDIA
Butantã,2013,1068.0,BUTANTA
Cachoeirinha,2013,6862.0,CACHOEIRINHA
Campo Belo,2013,885.0,CAMPO BELO
Campo Grande,2013,1384.0,CAMPO GRANDE
Cangaíba,2013,5737.0,CANGAIBA
Capão Redondo,2013,18223.0,CAPAO REDONDO
Carrão,2013,1259.0,CARRAO
Itaquera,2013,9510.0,ITAQUERA
Jabaquara,2013,6040.0,JABAQUARA
Jaçanã,2013,2679.0,JACANA
Jaguara,2013,416.0,JAGUARA
Jaraguá,2013,7720.0,JARAGUA
Jardim Ângela,2013,19914.0,JARDIM ANGELA
Jardim Helena,2013,8893.0,JARDIM HELENA
Jaguaré,2013,1267.0,JAGUARE
Artur Alvim,2013,3734.0,ARTUR ALVIM
Barra Funda,2013,331.0,BARRA FUNDA
Bela Vista,2013,1090.0,BELA VISTA
Belém,2013,824.0,BELEM
Bom Retiro,2013,989.0,BOM RETIRO
Cambuci,2013,509.0,CAMBUCI
Casa Verde,2013,1701.0,CASA VERDE
Cidade Ademar,2013,11807.0,CIDADE ADEMAR
Moóca,2013,1512.0,MOOCA
Morumbi,2013,2049.0,MORUMBI
Parelheiros,2013,9058.0,PARELHEIROS
São Rafael,2013,650.0,SAO RAFAEL
Sapopemba,2013,1935.0,SAPOPEMBA
Marsilac,2013,293.0,MARSILAC
Ponte Rasa,2013,3459.0,PONTE RASA
Campo Limpo,2013,12263.0,CAMPO LIMPO
Cidade Dutra,2013,10886.0,CIDADE DUTRA
Cidade Líder,2013,4711.0,CIDADE LIDER
Cidade Tiradentes,2013,13266.0,CIDADE TIRADENTES
Consolação,2013,96.0,CONSOLACAO
Parque Do Carmo,2014,8453.0,PARQUE DO CARMO
Pedreira,2014,3421.0,PEDREIRA
Penha,2014,260.0,PENHA
Perdizes,2014,4528.0,PERDIZES
Perus,2014,327.0,PERUS
Pinheiros,2014,6706.0,PINHEIROS
Pirituba,2014,3543.0,PIRITUBA
Raposo Tavares,2014,4849.0,RAPOSO TAVARES
República,2014,1370.0,REPUBLICA
Rio Pequeno,2014,5009.0,RIO PEQUENO
Santa Cecília,2014,3126.0,SANTA CECILIA
Santana,2014,10841.0,SANTANA
Santo Amaro,2014,5522.0,SANTO AMARO
São Domingos,2014,12332.0,SAO DOMINGOS
São Lucas,2014,9173.0,SAO LUCAS
São Mateus,2014,610.0,SAO MATEUS
São Miguel,2014,18582.0,SAO MIGUEL
Saúde,2014,635.0,SAUDE
Sé,2014,1564.0,SE
Socorro,2014,442.0,SOCORRO
Tatuapé,2014,823.0,TATUAPE
Tremembé,2014,6870.0,TREMEMBE
Tucuruvi,2014,928.0,TUCURUVI
Vila Andrade,2014,6725.0,VILA ANDRADE
Pari,2014,652.0,PARI
Vila Curuçá,2014,11334.0,VILA CURUCA
Vila Formosa,2014,1913.0,VILA FORMOSA
Vila Guilherme,2014,735.0,VILA GUILHERME
Vila Jacuí,2014,9476.0,VILA JACUI
Vila Leopoldina,2014,416.0,VILA LEOPOLDINA
Vila Maria,2014,4003.0,VILA MARIA
Ipiranga,2014,2801.0,IPIRANGA
Itaim Bibi,2014,373.0,ITAIM BIBI
Itaim Paulista,2014,16457.0,ITAIM PAULISTA
Jardim Paulista,2014,147.0,JARDIM PAULISTA
Jardim São Luís,2014,18514.0,JARDIM SAO LUIS
José Bonifácio,2014,5141.0,JOSE BONIFACIO
Lajeado,2014,14497.0,LAJEADO
Lapa,2014,426.0,LAPA
Liberdade,2014,813.0,LIBERDADE
Limão,2014,2637.0,LIMAO
Mandaqui,2014,1630.0,MANDAQUI
Moema,2014,94.0,MOEMA
Vila Mariana,2014,682.0,VILA MARIANA
Vila Matilde,2014,2793.0,VILA MATILDE
Vila Medeiros,2014,3064.0,VILA MEDEIROS
Vila Prudente,2014,1963.0,VILA PRUDENTE
Vila Sônia,2014,3143.0,VILA SONIA
Água Rasa,2014,1239.0,AGUA RASA
Alto De Pinheiros,2014,117.0,ALTO DE PINHEIROS
Anhanguera,2014,2479.0,ANHANGUERA
Aricanduva,2014,3188.0,ARICANDUVA
Cursino,2014,2282.0,CURSINO
Ermelino Matarazzo,2014,7421.0,ERMELINO MATARAZZO
Freguesia Do Ó,2014,4923.0,FREGUESIA DO O
Grajaú,2014,27404.0,GRAJAU
Guaianases,2014,7736.0,GUAIANASES
Sacomã,2014,3232.0,SACOMA
Iguatemi,2014,10261.0,IGUATEMI
Brás,2014,737.0,BRAS
Brasilândia,2014,21372.0,BRASILANDIA
Butantã,2014,1123.0,BUTANTA
Cachoeirinha,2014,7916.0,CACHOEIRINHA
Campo Belo,2014,1032.0,CAMPO BELO
Campo Grande,2014,1622.0,CAMPO GRANDE
Cangaíba,2014,7917.0,CANGAIBA
Capão Redondo,2014,21914.0,CAPAO REDONDO
Carrão,2014,1414.0,CARRAO
Itaquera,2014,13246.0,ITAQUERA
Jabaquara,2014,8302.0,JABAQUARA
Jaçanã,2014,3423.0,JACANA
Jaguara,2014,501.0,JAGUARA
Jaraguá,2014,10405.0,JARAGUA
Jardim Ângela,2014,24163.0,JARDIM ANGELA
Jardim Helena,2014,12931.0,JARDIM HELENA
Jaguaré,2014,1709.0,JAGUARE
Artur Alvim,2014,4889.0,ARTUR ALVIM
Barra Funda,2014,393.0,BARRA FUNDA
Bela Vista,2014,1059.0,BELA VISTA
Belém,2014,992.0,BELEM
Bom Retiro,2014,1032.0,BOM RETIRO
Cambuci,2014,661.0,CAMBUCI
Casa Verde,2014,2046.0,CASA VERDE
Cidade Ademar,2014,16006.0,CIDADE ADEMAR
Moóca,2014,921.0,MOOCA
Morumbi,2014,2386.0,MORUMBI
Parelheiros,2014,10823.0,PARELHEIROS
São Rafael,2014,901.0,SAO RAFAEL
Sapopemba,2014,2638.0,SAPOPEMBA
Marsilac,2014,432.0,MARSILAC
Ponte Rasa,2014,4435.0,PONTE RASA
Campo Limpo,2014,12913.0,CAMPO LIMPO
Cidade Dutra,2014,12569.0,CIDADE DUTRA
Cidade Líder,2014,6210.0,CIDADE LIDER
Cidade Tiradentes,2014,15322.0,CIDADE TIRADENTES
Consolação,2014,116.0,CONSOLACAO
Parque Do Carmo,2015,9760.0,PARQUE DO CARMO
Pedreira,2015,3374.0,PEDREIRA
Penha,2015,227.0,PENHA
Perdizes,2015,6122.0,PERDIZES
Perus,2015,419.0,PERUS
Pinheiros,2015,5778.0,PINHEIROS
Pirituba,2015,3201.0,PIRITUBA
Raposo Tavares,2015,3657.0,RAPOSO TAVARES
República,2015,2225.0,REPUBLICA
Rio Pequeno,2015,3599.0,RIO PEQUENO
Santa Cecília,2015,3464.0,SANTA CECILIA
Santana,2015,10434.0,SANTANA
Santo Amaro,2015,5451.0,SANTO AMARO
São Domingos,2015,13728.0,SAO DOMINGOS
São Lucas,2015,9152.0,SAO LUCAS
São Mateus,2015,1545.0,SAO MATEUS
São Miguel,2015,17775.0,SAO MIGUEL
Saúde,2015,762.0,SAUDE
Sé,2015,4620.0,SE
Socorro,2015,1042.0,SOCORRO
Tatuapé,2015,1289.0,TATUAPE
Tremembé,2015,7607.0,TREMEMBE
Tucuruvi,2015,741.0,TUCURUVI
Vila Andrade,2015,5563.0,VILA ANDRADE
Pari,2015,1097.0,PARI
Vila Curuçá,2015,9929.0,VILA CURUCA
Vila Formosa,2015,1662.0,VILA FORMOSA
Vila Guilherme,2015,719.0,VILA GUILHERME
Vila Jacuí,2015,9670.0,VILA JACUI
Vila Leopoldina,2015,480.0,VILA LEOPOLDINA
Vila Maria,2015,3923.0,VILA MARIA
Ipiranga,2015,2833.0,IPIRANGA
Itaim Bibi,2015,278.0,ITAIM BIBI
Itaim Paulista,2015,17046.0,ITAIM PAULISTA
Jardim Paulista,2015,1184.0,JARDIM PAULISTA
Jardim São Luís,2015,17457.0,JARDIM SAO LUIS
José Bonifácio,2015,5670.0,JOSE BONIFACIO
Lajeado,2015,13905.0,LAJEADO
Lapa,2015,456.0,LAPA
Liberdade,2015,794.0,LIBERDADE
Limão,2015,2222.0,LIMAO
Mandaqui,2015,1323.0,MANDAQUI
Moema,2015,82.0,MOEMA
Vila Mariana,2015,773.0,VILA MARIANA
Vila Matilde,2015,2262.0,VILA MATILDE
Vila Medeiros,2015,2664.0,VILA MEDEIROS
Vila Prudente,2015,2328.0,VILA PRUDENTE
Vila Sônia,2015,2915.0,VILA SONIA
Água Rasa,2015,1104.0,AGUA RASA
Alto De Pinheiros,2015,89.0,ALTO DE PINHEIROS
Anhanguera,2015,4559.0,ANHANGUERA
Aricanduva,2015,2675.0,ARICANDUVA
Cursino,2015,2249.0,CURSINO
Ermelino Matarazzo,2015,7159.0,ERMELINO MATARAZZO
Freguesia Do Ó,2015,4738.0,FREGUESIA DO O
Grajaú,2015,25369.0,GRAJAU
Guaianases,2015,7331.0,GUAIANASES
Sacomã,2015,2659.0,SACOMA
Iguatemi,2015,12809.0,IGUATEMI
Brás,2015,1414.0,BRAS
Brasilândia,2015,21270.0,BRASILANDIA
Butantã,2015,954.0,BUTANTA
Cachoeirinha,2015,6700.0,CACHOEIRINHA
Campo Belo,2015,972.0,CAMPO BELO
Campo Grande,2015,1322.0,CAMPO GRANDE
Cangaíba,2015,7563.0,CANGAIBA
Capão Redondo,2015,20099.0,CAPAO REDONDO
Carrão,2015,1007.0,CARRAO
Itaquera,2015,13008.0,ITAQUERA
Jabaquara,2015,7896.0,JABAQUARA
Jaçanã,2015,3832.0,JACANA
Jaguara,2015,383.0,JAGUARA
Jaraguá,2015,12533.0,JARAGUA
Jardim Ângela,2015,23584.0,JARDIM ANGELA
Jardim Helena,2015,12531.0,JARDIM HELENA
Jaguaré,2015,1597.0,JAGUARE
Artur Alvim,2015,4256.0,ARTUR ALVIM
Barra Funda,2015,326.0,BARRA FUNDA
Bela Vista,2015,1345.0,BELA VISTA
Belém,2015,1346.0,BELEM
Bom Retiro,2015,1625.0,BOM RETIRO
Cambuci,2015,783.0,CAMBUCI
Casa Verde,2015,2006.0,CASA VERDE
Cidade Ademar,2015,15961.0,CIDADE ADEMAR
Moóca,2015,3061.0,MOOCA
Morumbi,2015,1934.0,MORUMBI
Parelheiros,2015,12455.0,PARELHEIROS
São Rafael,2015,852.0,SAO RAFAEL
Sapopemba,2015,1366.0,SAPOPEMBA
Marsilac,2015,981.0,MARSILAC
Ponte Rasa,2015,4444.0,PONTE RASA
Campo Limpo,2015,10076.0,CAMPO LIMPO
Cidade Dutra,2015,10332.0,CIDADE DUTRA
Cidade Líder,2015,5997.0,CIDADE LIDER
Cidade Tiradentes,2015,17694.0,CIDADE TIRADENTES
Consolação,2015,119.0,CONSOLACAO
Parque Do Carmo,2016,10641.0,PARQUE DO CARMO
Pedreira,2016,3651.0,PEDREIRA
Penha,2016,256.0,PENHA
Perdizes,2016,6569.0,PERDIZES
Perus,2016,505.0,PERUS
Pinheiros,2016,5559.0,PINHEIROS
Pirituba,2016,3371.0,PIRITUBA
Raposo Tavares,2016,4198.0,RAPOSO TAVARES
República,2016,2865.0,REPUBLICA
Rio Pequeno,2016,4605.0,RIO PEQUENO
Santa Cecília,2016,3924.0,SANTA CECILIA
Santana,2016,10542.0,SANTANA
Santo Amaro,2016,5514.0,SANTO AMARO
São Domingos,2016,13533.0,SAO DOMINGOS
São Lucas,2016,9940.0,SAO LUCAS
São Mateus,2016,2048.0,SAO MATEUS
São Miguel,2016,18421.0,SAO MIGUEL
Saúde,2016,831.0,SAUDE
Sé,2016,5567.0,SE
Socorro,2016,1436.0,SOCORRO
Tatuapé,2016,1579.0,TATUAPE
Tremembé,2016,9002.0,TREMEMBE
Tucuruvi,2016,840.0,TUCURUVI
Vila Andrade,2016,6743.0,VILA ANDRADE
Pari,2016,1335.0,PARI
Vila Curuçá,2016,10351.0,VILA CURUCA
Vila Formosa,2016,1949.0,VILA FORMOSA
Vila Guilherme,2016,929.0,VILA GUILHERME
Vila Jacuí,2016,9463.0,VILA JACUI
Vila Leopoldina,2016,499.0,VILA LEOPOLDINA
Vila Maria,2016,5021.0,VILA MARIA
Ipiranga,2016,3113.0,IPIRANGA
Itaim Bibi,2016,288.0,ITAIM BIBI
Itaim Paulista,2016,18856.0,ITAIM PAULISTA
Jardim Paulista,2016,1931.0,JARDIM PAULISTA
Jardim São Luís,2016,19506.0,JARDIM SAO LUIS
José Bonifácio,2016,6152.0,JOSE BONIFACIO
Lajeado,2016,15652.0,LAJEADO
Lapa,2016,544.0,LAPA
Liberdade,2016,1024.0,LIBERDADE
Limão,2016,2531.0,LIMAO
Mandaqui,2016,1419.0,MANDAQUI
Moema,2016,84.0,MOEMA
Vila Mariana,2016,859.0,VILA MARIANA
Vila Matilde,2016,2222.0,VILA MATILDE
Vila Medeiros,2016,3219.0,VILA MEDEIROS
Vila Prudente,2016,2782.0,VILA PRUDENTE
Vila Sônia,2016,3393.0,VILA SONIA
Água Rasa,2016,1257.0,AGUA RASA
Alto De Pinheiros,2016,86.0,ALTO DE PINHEIROS
Anhanguera,2016,5014.0,ANHANGUERA
Aricanduva,2016,2949.0,ARICANDUVA
Cursino,2016,2535.0,CURSINO
Ermelino Matarazzo,2016,7314.0,ERMELINO MATARAZZO
Freguesia Do Ó,2016,4653.0,FREGUESIA DO O
Grajaú,2016,26441.0,GRAJAU
Guaianases,2016,7900.0,GUAIANASES
Sacomã,2016,2562.0,SACOMA
Iguatemi,2016,13993.0,IGUATEMI
Brás,2016,1632.0,BRAS
Brasilândia,2016,21228.0,BRASILANDIA
Butantã,2016,1056.0,BUTANTA
Cachoeirinha,2016,6538.0,CACHOEIRINHA
Campo Belo,2016,925.0,CAMPO BELO
Campo Grande,2016,1335.0,CAMPO GRANDE
Cangaíba,2016,7533.0,CANGAIBA
Capão Redondo,2016,20656.0,CAPAO REDONDO
Carrão,2016,1132.0,CARRAO
Itaquera,2016,12908.0,ITAQUERA
Jabaquara,2016,8820.0,JABAQUARA
Jaçanã,2016,4141.0,JACANA
Jaguara,2016,417.0,JAGUARA
Jaraguá,2016,12999.0,JARAGUA
Jardim Ângela,2016,26742.0,JARDIM ANGELA
Jardim Helena,2016,12525.0,JARDIM HELENA
Jaguaré,2016,1880.0,JAGUARE
Artur Alvim,2016,4144.0,ARTUR ALVIM
Barra Funda,2016,348.0,BARRA FUNDA
Bela Vista,2016,1440.0,BELA VISTA
Belém,2016,3288.0,BELEM
Bom Retiro,2016,2033.0,BOM RETIRO
Cambuci,2016,849.0,CAMBUCI
Casa Verde,2016,2231.0,CASA VERDE
Cidade Ademar,2016,18155.0,CIDADE ADEMAR
Moóca,2016,3577.0,MOOCA
Morumbi,2016,2102.0,MORUMBI
Parelheiros,2016,12379.0,PARELHEIROS
São Rafael,2016,888.0,SAO RAFAEL
Sapopemba,2016,1877.0,SAPOPEMBA
Marsilac,2016,1171.0,MARSILAC
Ponte Rasa,2016,5124.0,PONTE RASA
Campo Limpo,2016,11513.0,CAMPO LIMPO
Cidade Dutra,2016,10498.0,CIDADE DUTRA
Cidade Líder,2016,6261.0,CIDADE LIDER
Cidade Tiradentes,2016,18400.0,CIDADE TIRADENTES
Consolação,2016,184.0,CONSOLACAO
Parque Do Carmo,2017,11688.0,PARQUE DO CARMO
Pedreira,2017,4540.0,PEDREIRA
Penha,2017,242.0,PENHA
Perdizes,2017,7480.0,PERDIZES
Perus,2017,750.0,PERUS
Pinheiros,2017,5665.0,PINHEIROS
Pirituba,2017,2997.0,PIRITUBA
Raposo Tavares,2017,4052.0,RAPOSO TAVARES
República,2017,1574.0,REPUBLICA
Rio Pequeno,2017,3921.0,RIO PEQUENO
Santa Cecília,2017,4000.0,SANTA CECILIA
Santana,2017,14357.0,SANTANA
Santo Amaro,2017,10355.0,SANTO AMARO
São Domingos,2017,9542.0,SAO DOMINGOS
São Lucas,2017,10633.0,SAO LUCAS
São Mateus,2017,2226.0,SAO MATEUS
São Miguel,2017,18621.0,SAO MIGUEL
Saúde,2017,1714.0,SAUDE
Sé,2017,6088.0,SE
Socorro,2017,1269.0,SOCORRO
Tatuapé,2017,2666.0,TATUAPE
Tremembé,2017,10044.0,TREMEMBE
Tucuruvi,2017,1011.0,TUCURUVI
Vila Andrade,2017,6206.0,VILA ANDRADE
Pari,2017,782.0,PARI
Vila Curuçá,2017,11275.0,VILA CURUCA
Vila Formosa,2017,2847.0,VILA FORMOSA
Vila Guilherme,2017,1021.0,VILA GUILHERME
Vila Jacuí,2017,6356.0,VILA JACUI
Vila Leopoldina,2017,506.0,VILA LEOPOLDINA
Vila Maria,2017,6321.0,VILA MARIA
Ipiranga,2017,3210.0,IPIRANGA
Itaim Bibi,2017,257.0,ITAIM BIBI
Itaim Paulista,2017,20068.0,ITAIM PAULISTA
Jardim Paulista,2017,87.0,JARDIM PAULISTA
Jardim São Luís,2017,23826.0,JARDIM SAO LUIS
José Bonifácio,2017,4935.0,JOSE BONIFACIO
Lajeado,2017,16187.0,LAJEADO
Lapa,2017,1466.0,LAPA
Liberdade,2017,1292.0,LIBERDADE
Limão,2017,2395.0,LIMAO
Mandaqui,2017,1982.0,MANDAQUI
Moema,2017,63.0,MOEMA
Vila Mariana,2017,1141.0,VILA MARIANA
Vila Matilde,2017,2063.0,VILA MATILDE
Vila Medeiros,2017,4604.0,VILA MEDEIROS
Vila Prudente,2017,3380.0,VILA PRUDENTE
Vila Sônia,2017,5301.0,VILA SONIA
Água Rasa,2017,1537.0,AGUA RASA
Alto De Pinheiros,2017,90.0,ALTO DE PINHEIROS
Anhanguera,2017,5911.0,ANHANGUERA
Aricanduva,2017,3080.0,ARICANDUVA
Cursino,2017,2345.0,CURSINO
Ermelino Matarazzo,2017,8807.0,ERMELINO MATARAZZO
Freguesia Do Ó,2017,5461.0,FREGUESIA DO O
Grajaú,2017,29605.0,GRAJAU
Guaianases,2017,7764.0,GUAIANASES
Sacomã,2017,2101.0,SACOMA
Iguatemi,2017,15796.0,IGUATEMI
Brás,2017,1653.0,BRAS
Brasilândia,2017,20161.0,BRASILANDIA
Butantã,2017,698.0,BUTANTA
Cachoeirinha,2017,6646.0,CACHOEIRINHA
Campo Belo,2017,870.0,CAMPO BELO
Campo Grande,2017,1215.0,CAMPO GRANDE
Cangaíba,2017,6591.0,CANGAIBA
Capão Redondo,2017,18315.0,CAPAO REDONDO
Carrão,2017,1219.0,CARRAO
Itaquera,2017,13061.0,ITAQUERA
Jabaquara,2017,9742.0,JABAQUARA
Jaçanã,2017,4925.0,JACANA
Jaguara,2017,432.0,JAGUARA
Jaraguá,2017,13812.0,JARAGUA
Jardim Ângela,2017,22739.0,JARDIM ANGELA
Jardim Helena,2017,9931.0,JARDIM HELENA
Jaguaré,2017,1467.0,JAGUARE
Artur Alvim,2017,4538.0,ARTUR ALVIM
Barra Funda,2017,219.0,BARRA FUNDA
Bela Vista,2017,4347.0,BELA VISTA
Belém,2017,6586.0,BELEM
Bom Retiro,2017,3792.0,BOM RETIRO
Cambuci,2017,878.0,CAMBUCI
Casa Verde,2017,3054.0,CASA VERDE
Cidade Ademar,2017,21333.0,CIDADE ADEMAR
Moóca,2017,2553.0,MOOCA
Morumbi,2017,2041.0,MORUMBI
Parelheiros,2017,11676.0,PARELHEIROS
São Rafael,2017,854.0,SAO RAFAEL
Sapopemba,2017,2083.0,SAPOPEMBA
Marsilac,2017,1598.0,MARSILAC
Ponte Rasa,2017,4088.0,PONTE RASA
Campo Limpo,2017,12719.0,CAMPO LIMPO
Cidade Dutra,2017,10399.0,CIDADE DUTRA
Cidade Líder,2017,7405.0,CIDADE LIDER
Cidade Tiradentes,2017,17726.0,CIDADE TIRADENTES
Consolação,2017,148.0,CONSOLACAO
Parque Do Carmo,2018,13577.0,PARQUE DO CARMO
Pedreira,2018,4485.0,PEDREIRA
Penha,2018,295.0,PENHA
Perdizes,2018,7762.0,PERDIZES
Perus,2018,986.0,PERUS
Pinheiros,2018,5659.0,PINHEIROS
Pirituba,2018,3625.0,PIRITUBA
Raposo Tavares,2018,4423.0,RAPOSO TAVARES
República,2018,4872.0,REPUBLICA
Rio Pequeno,2018,4848.0,RIO PEQUENO
Santa Cecília,2018,4385.0,SANTA CECILIA
Santana,2018,12708.0,SANTANA
Santo Amaro,2018,7801.0,SANTO AMARO
São Domingos,2018,10649.0,SAO DOMINGOS
São Lucas,2018,10279.0,SAO LUCAS
São Mateus,2018,1616.0,SAO MATEUS
São Miguel,2018,17870.0,SAO MIGUEL
Saúde,2018,1298.0,SAUDE
Sé,2018,4953.0,SE
Socorro,2018,2083.0,SOCORRO
Tatuapé,2018,2336.0,TATUAPE
Tremembé,2018,11187.0,TREMEMBE
Tucuruvi,2018,1274.0,TUCURUVI
Vila Andrade,2018,6243.0,VILA ANDRADE
Pari,2018,1495.0,PARI
Vila Curuçá,2018,10441.0,VILA CURUCA
Vila Formosa,2018,2838.0,VILA FORMOSA
Vila Guilherme,2018,2325.0,VILA GUILHERME
Vila Jacuí,2018,8509.0,VILA JACUI
Vila Leopoldina,2018,589.0,VILA LEOPOLDINA
Vila Maria,2018,7118.0,VILA MARIA
Ipiranga,2018,2708.0,IPIRANGA
Itaim Bibi,2018,469.0,ITAIM BIBI
Itaim Paulista,2018,19709.0,ITAIM PAULISTA
Jardim Paulista,2018,124.0,JARDIM PAULISTA
Jardim São Luís,2018,20771.0,JARDIM SAO LUIS
José Bonifácio,2018,5325.0,JOSE BONIFACIO
Lajeado,2018,16213.0,LAJEADO
Lapa,2018,1753.0,LAPA
Liberdade,2018,1483.0,LIBERDADE
Limão,2018,2984.0,LIMAO
Mandaqui,2018,2050.0,MANDAQUI
Moema,2018,125.0,MOEMA
Vila Mariana,2018,1093.0,VILA MARIANA
Vila Matilde,2018,2344.0,VILA MATILDE
Vila Medeiros,2018,5324.0,VILA MEDEIROS
Vila Prudente,2018,4553.0,VILA PRUDENTE
Vila Sônia,2018,4505.0,VILA SONIA
Água Rasa,2018,1702.0,AGUA RASA
Alto De Pinheiros,2018,102.0,ALTO DE PINHEIROS
Anhanguera,2018,6182.0,ANHANGUERA
Aricanduva,2018,3226.0,ARICANDUVA
Cursino,2018,2451.0,CURSINO
Ermelino Matarazzo,2018,8703.0,ERMELINO MATARAZZO
Freguesia Do Ó,2018,4685.0,FREGUESIA DO O
Grajaú,2018,34430.0,GRAJAU
Guaianases,2018,7943.0,GUAIANASES
Sacomã,2018,2175.0,SACOMA
Iguatemi,2018,15145.0,IGUATEMI
Brás,2018,1871.0,BRAS
Brasilândia,2018,19584.0,BRASILANDIA
Butantã,2018,557.0,BUTANTA
Cachoeirinha,2018,6175.0,CACHOEIRINHA
Campo Belo,2018,936.0,CAMPO BELO
Campo Grande,2018,1616.0,CAMPO GRANDE
Cangaíba,2018,6050.0,CANGAIBA
Capão Redondo,2018,18969.0,CAPAO REDONDO
Carrão,2018,1318.0,CARRAO
Itaquera,2018,12384.0,ITAQUERA
Jabaquara,2018,10104.0,JABAQUARA
Jaçanã,2018,5556.0,JACANA
Jaguara,2018,482.0,JAGUARA
Jaraguá,2018,14322.0,JARAGUA
Jardim Ângela,2018,26857.0,JARDIM ANGELA
Jardim Helena,2018,10854.0,JARDIM HELENA
Jaguaré,2018,1893.0,JAGUARE
Artur Alvim,2018,4224.0,ARTUR ALVIM
Barra Funda,2018,160.0,BARRA FUNDA
Bela Vista,2018,4058.0,BELA VISTA
Belém,2018,7903.0,BELEM
Bom Retiro,2018,3059.0,BOM RETIRO
Cambuci,2018,1074.0,CAMBUCI
Casa Verde,2018,3094.0,CASA VERDE
Cidade Ademar,2018,21577.0,CIDADE ADEMAR
Moóca,2018,2853.0,MOOCA
Morumbi,2018,1637.0,MORUMBI
Parelheiros,2018,12522.0,PARELHEIROS
São Rafael,2018,1004.0,SAO RAFAEL
Sapopemba,2018,2204.0,SAPOPEMBA
Marsilac,2018,1695.0,MARSILAC
Ponte Rasa,2018,4562.0,PONTE RASA
Campo Limpo,2018,13181.0,CAMPO LIMPO
Cidade Dutra,2018,11126.0,CIDADE DUTRA
Cidade Líder,2018,7448.0,CIDADE LIDER
Cidade Tiradentes,2018,17662.0,CIDADE TIRADENTES
Consolação,2018,255.0,CONSOLACAO
Parque Do Carmo,2019,13625.0,PARQUE DO CARMO
Pedreira,2019,4165.0,PEDREIRA
Penha,2019,296.0,PENHA
Perdizes,2019,8040.0,PERDIZES
Perus,2019,759.0,PERUS
Pinheiros,2019,5677.0,PINHEIROS
Pirituba,2019,3842.0,PIRITUBA
Raposo Tavares,2019,4874.0,RAPOSO TAVARES
República,2019,3829.0,REPUBLICA
Rio Pequeno,2019,4791.0,RIO PEQUENO
Santa Cecília,2019,4352.0,SANTA CECILIA
Santana,2019,9819.0,SANTANA
Santo Amaro,2019,5523.0,SANTO AMARO
São Domingos,2019,12358.0,SAO DOMINGOS
São Lucas,2019,9719.0,SAO LUCAS
São Mateus,2019,2616.0,SAO MATEUS
São Miguel,2019,19322.0,SAO MIGUEL
Saúde,2019,926.0,SAUDE
Sé,2019,4714.0,SE
Socorro,2019,1897.0,SOCORRO
Tatuapé,2019,1396.0,TATUAPE
Tremembé,2019,11455.0,TREMEMBE
Tucuruvi,2019,1473.0,TUCURUVI
Vila Andrade,2019,5781.0,VILA ANDRADE
Pari,2019,1528.0,PARI
Vila Curuçá,2019,10272.0,VILA CURUCA
Vila Formosa,2019,2673.0,VILA FORMOSA
Vila Guilherme,2019,1631.0,VILA GUILHERME
Vila Jacuí,2019,9644.0,VILA JACUI
Vila Leopoldina,2019,562.0,VILA LEOPOLDINA
Vila Maria,2019,7539.0,VILA MARIA
Ipiranga,2019,2655.0,IPIRANGA
Itaim Bibi,2019,432.0,ITAIM BIBI
Itaim Paulista,2019,19022.0,ITAIM PAULISTA
Jardim Paulista,2019,227.0,JARDIM PAULISTA
Jardim São Luís,2019,16046.0,JARDIM SAO LUIS
José Bonifácio,2019,5701.0,JOSE BONIFACIO
Lajeado,2019,14832.0,LAJEADO
Lapa,2019,1201.0,LAPA
Liberdade,2019,1393.0,LIBERDADE
Limão,2019,3324.0,LIMAO
Mandaqui,2019,2016.0,MANDAQUI
Moema,2019,218.0,MOEMA
Vila Mariana,2019,1092.0,VILA MARIANA
Vila Matilde,2019,2703.0,VILA MATILDE
Vila Medeiros,2019,5343.0,VILA MEDEIROS
Vila Prudente,2019,3116.0,VILA PRUDENTE
Vila Sônia,2019,3153.0,VILA SONIA
Água Rasa,2019,1688.0,AGUA RASA
Alto De Pinheiros,2019,136.0,ALTO DE PINHEIROS
Anhanguera,2019,6130.0,ANHANGUERA
Aricanduva,2019,3574.0,ARICANDUVA
Cursino,2019,2598.0,CURSINO
Ermelino Matarazzo,2019,8113.0,ERMELINO MATARAZZO
Freguesia Do Ó,2019,4654.0,FREGUESIA DO O
Grajaú,2019,32250.0,GRAJAU
Guaianases,2019,7702.0,GUAIANASES
Sacomã,2019,2288.0,SACOMA
Iguatemi,2019,12949.0,IGUATEMI
Brás,2019,1779.0,BRAS
Brasilândia,2019,19169.0,BRASILANDIA
Butantã,2019,847.0,BUTANTA
Cachoeirinha,2019,6714.0,CACHOEIRINHA
Campo Belo,2019,1080.0,CAMPO BELO
Campo Grande,2019,1901.0,CAMPO GRANDE
Cangaíba,2019,6636.0,CANGAIBA
Capão Redondo,2019,16539.0,CAPAO REDONDO
Carrão,2019,1523.0,CARRAO
Itaquera,2019,11294.0,ITAQUERA
Jabaquara,2019,9581.0,JABAQUARA
Jaçanã,2019,5433.0,JACANA
Jaguara,2019,524.0,JAGUARA
Jaraguá,2019,14166.0,JARAGUA
Jardim Ângela,2019,27645.0,JARDIM ANGELA
Jardim Helena,2019,12174.0,JARDIM HELENA
Jaguaré,2019,1703.0,JAGUARE
Artur Alvim,2019,4288.0,ARTUR ALVIM
Barra Funda,2019,244.0,BARRA FUNDA
Bela Vista,2019,2508.0,BELA VISTA
Belém,2019,7022.0,BELEM
Bom Retiro,2019,3226.0,BOM RETIRO
Cambuci,2019,1240.0,CAMBUCI
Casa Verde,2019,2960.0,CASA VERDE
Cidade Ademar,2019,21434.0,CIDADE ADEMAR
Moóca,2019,3489.0,MOOCA
Morumbi,2019,1991.0,MORUMBI
Parelheiros,2019,13477.0,PARELHEIROS
São Rafael,2019,1161.0,SAO RAFAEL
Sapopemba,2019,2540.0,SAPOPEMBA
Marsilac,2019,1111.0,MARSILAC
Ponte Rasa,2019,4785.0,PONTE RASA
Campo Limpo,2019,12376.0,CAMPO LIMPO
Cidade Dutra,2019,10608.0,CIDADE DUTRA
Cidade Líder,2019,7398.0,CIDADE LIDER
Cidade Tiradentes,2019,18353.0,CIDADE TIRADENTES
Consolação,2019,306.0,CONSOLACAO
Parque Do Carmo,2020,3707.0,PARQUE DO CARMO
Pedreira,2020,11902.0,PEDREIRA
Penha,2020,3488.0,PENHA
Perdizes,2020,242.0,PERDIZES
Perus,2020,6617.0,PERUS
Pinheiros,2020,745.0,PINHEIROS
Pirituba,2020,4302.0,PIRITUBA
Raposo Tavares,2020,3745.0,RAPOSO TAVARES
República,2020,3279.0,REPUBLICA
Rio Pequeno,2020,3545.0,RIO PEQUENO
Santa Cecília,2020,4339.0,SANTA CECILIA
Santana,2020,2490.0,SANTANA
Santo Amaro,2020,1856.0,SANTO AMARO
São Domingos,2020,1756.0,SAO DOMINGOS
São Lucas,2020,3659.0,SAO LUCAS
São Mateus,2020,8066.0,SAO MATEUS
São Miguel,2020,4319.0,SAO MIGUEL
Saúde,2020,1009.0,SAUDE
Sé,2020,2260.0,SE
Socorro,2020,752.0,SOCORRO
Tatuapé,2020,1211.0,TATUAPE
Tremembé,2020,8498.0,TREMEMBE
Tucuruvi,2020,1201.0,TUCURUVI
Vila Andrade,2020,4162.0,VILA ANDRADE
Pari,2020,1469.0,PARI
Vila Curuçá,2020,8006.0,VILA CURUCA
Vila Formosa,2020,2284.0,VILA FORMOSA
Vila Guilherme,2020,1449.0,VILA GUILHERME
Vila Jacuí,2020,7061.0,VILA JACUI
Vila Leopoldina,2020,398.0,VILA LEOPOLDINA
Vila Maria,2020,6661.0,VILA MARIA
Ipiranga,2020,2121.0,IPIRANGA
Itaim Bibi,2020,333.0,ITAIM BIBI
Itaim Paulista,2020,14912.0,ITAIM PAULISTA
Jardim Paulista,2020,184.0,JARDIM PAULISTA
Jardim São Luís,2020,12008.0,JARDIM SAO LUIS
José Bonifácio,2020,4424.0,JOSE BONIFACIO
Lajeado,2020,11299.0,LAJEADO
Lapa,2020,1051.0,LAPA
Liberdade,2020,1105.0,LIBERDADE
Limão,2020,2506.0,LIMAO
Mandaqui,2020,1649.0,MANDAQUI
Moema,2020,162.0,MOEMA
Vila Mariana,2020,936.0,VILA MARIANA
Vila Matilde,2020,2277.0,VILA MATILDE
Vila Medeiros,2020,4231.0,VILA MEDEIROS
Vila Prudente,2020,2637.0,VILA PRUDENTE
Vila Sônia,2020,2412.0,VILA SONIA
Água Rasa,2020,1500.0,AGUA RASA
Alto De Pinheiros,2020,112.0,ALTO DE PINHEIROS
Anhanguera,2020,5136.0,ANHANGUERA
Aricanduva,2020,3087.0,ARICANDUVA
Cursino,2020,2095.0,CURSINO
Ermelino Matarazzo,2020,6469.0,ERMELINO MATARAZZO
Freguesia Do Ó,2020,3629.0,FREGUESIA DO O
Grajaú,2020,23212.0,GRAJAU
Guaianases,2020,5262.0,GUAIANASES
Sacomã,2020,7540.0,SACOMA
Iguatemi,2020,10046.0,IGUATEMI
Brás,2020,1611.0,BRAS
Brasilândia,2020,14434.0,BRASILANDIA
Butantã,2020,634.0,BUTANTA
Cachoeirinha,2020,4064.0,CACHOEIRINHA
Campo Belo,2020,890.0,CAMPO BELO
Campo Grande,2020,1606.0,CAMPO GRANDE
Cangaíba,2020,5269.0,CANGAIBA
Capão Redondo,2020,11608.0,CAPAO REDONDO
Carrão,2020,1310.0,CARRAO
Itaquera,2020,8532.0,ITAQUERA
Jabaquara,2020,7919.0,JABAQUARA
Jaçanã,2020,4145.0,JACANA
Jaguara,2020,352.0,JAGUARA
Jaraguá,2020,11968.0,JARAGUA
Jardim Ângela,2020,20238.0,JARDIM ANGELA
Jardim Helena,2020,8862.0,JARDIM HELENA
Jaguaré,2020,1069.0,JAGUARE
Artur Alvim,2020,3556.0,ARTUR ALVIM
Barra Funda,2020,207.0,BARRA FUNDA
Bela Vista,2020,2148.0,BELA VISTA
Belém,2020,7136.0,BELEM
Bom Retiro,2020,2999.0,BOM RETIRO
Cambuci,2020,1090.0,CAMBUCI
Casa Verde,2020,2366.0,CASA VERDE
Cidade Ademar,2020,18522.0,CIDADE ADEMAR
Moóca,2020,3255.0,MOOCA
Morumbi,2020,1465.0,MORUMBI
Parelheiros,2020,9332.0,PARELHEIROS
São Rafael,2020,9645.0,SAO RAFAEL
Sapopemba,2020,15644.0,SAPOPEMBA
Marsilac,2020,767.0,MARSILAC
Ponte Rasa,2020,3170.0,PONTE RASA
Campo Limpo,2020,9351.0,CAMPO LIMPO
Cidade Dutra,2020,7635.0,CIDADE DUTRA
Cidade Líder,2020,5786.0,CIDADE LIDER
Cidade Tiradentes,2020,15173.0,CIDADE TIRADENTES
Consolação,2020,226.0,CONSOLACAO
Parque Do Carmo,2021,4115.0,PARQUE DO CARMO
Pedreira,2021,12273.0,PEDREIRA
Penha,2021,4010.0,PENHA
Perdizes,2021,304.0,PERDIZES
Perus,2021,6946.0,PERUS
Pinheiros,2021,608.0,PINHEIROS
Pirituba,2021,4652.0,PIRITUBA
Raposo Tavares,2021,3942.0,RAPOSO TAVARES
República,2021,3231.0,REPUBLICA
Rio Pequeno,2021,3334.0,RIO PEQUENO
Santa Cecília,2021,4296.0,SANTA CECILIA
Santana,2021,2497.0,SANTANA
Santo Amaro,2021,2049.0,SANTO AMARO
São Domingos,2021,2035.0,SAO DOMINGOS
São Lucas,2021,4089.0,SAO LUCAS
São Mateus,2021,8214.0,SAO MATEUS
São Miguel,2021,4692.0,SAO MIGUEL
Saúde,2021,1131.0,SAUDE
Sé,2021,2392.0,SE
Socorro,2021,793.0,SOCORRO
Tatuapé,2021,1362.0,TATUAPE
Tremembé,2021,8236.0,TREMEMBE
Tucuruvi,2021,1427.0,TUCURUVI
Vila Andrade,2021,4648.0,VILA ANDRADE
Pari,2021,1662.0,PARI
Vila Curuçá,2021,9127.0,VILA CURUCA
Vila Formosa,2021,2477.0,VILA FORMOSA
Vila Guilherme,2021,2134.0,VILA GUILHERME
Vila Jacuí,2021,7257.0,VILA JACUI
Vila Leopoldina,2021,418.0,VILA LEOPOLDINA
Vila Maria,2021,6955.0,VILA MARIA
Ipiranga,2021,2335.0,IPIRANGA
Itaim Bibi,2021,457.0,ITAIM BIBI
Itaim Paulista,2021,15466.0,ITAIM PAULISTA
Jardim Paulista,2021,166.0,JARDIM PAULISTA
Jardim São Luís,2021,12655.0,JARDIM SAO LUIS
José Bonifácio,2021,4866.0,JOSE BONIFACIO
Lajeado,2021,11647.0,LAJEADO
Lapa,2021,1128.0,LAPA
Liberdade,2021,1181.0,LIBERDADE
Limão,2021,2578.0,LIMAO
Mandaqui,2021,1921.0,MANDAQUI
Moema,2021,193.0,MOEMA
Vila Mariana,2021,907.0,VILA MARIANA
Vila Matilde,2021,2633.0,VILA MATILDE
Vila Medeiros,2021,4923.0,VILA MEDEIROS
Vila Prudente,2021,2769.0,VILA PRUDENTE
Vila Sônia,2021,2636.0,VILA SONIA
Água Rasa,2021,1830.0,AGUA RASA
Alto De Pinheiros,2021,105.0,ALTO DE PINHEIROS
Anhanguera,2021,4805.0,ANHANGUERA
Aricanduva,2021,3176.0,ARICANDUVA
Cursino,2021,2292.0,CURSINO
Ermelino Matarazzo,2021,6489.0,ERMELINO MATARAZZO
Freguesia Do Ó,2021,4090.0,FREGUESIA DO O
Grajaú,2021,22421.0,GRAJAU
Guaianases,2021,5587.0,GUAIANASES
Sacomã,2021,7773.0,SACOMA
Iguatemi,2021,9715.0,IGUATEMI
Brás,2021,1628.0,BRAS
Brasilândia,2021,15330.0,BRASILANDIA
Butantã,2021,693.0,BUTANTA
Cachoeirinha,2021,4348.0,CACHOEIRINHA
Campo Belo,2021,1006.0,CAMPO BELO
Campo Grande,2021,1807.0,CAMPO GRANDE
Cangaíba,2021,6200.0,CANGAIBA
Capão Redondo,2021,12276.0,CAPAO REDONDO
Carrão,2021,1424.0,CARRAO
Itaquera,2021,9084.0,ITAQUERA
Jabaquara,2021,8821.0,JABAQUARA
Jaçanã,2021,4037.0,JACANA
Jaguara,2021,412.0,JAGUARA
Jaraguá,2021,13137.0,JARAGUA
Jardim Ângela,2021,19480.0,JARDIM ANGELA
Jardim Helena,2021,9001.0,JARDIM HELENA
Jaguaré,2021,1116.0,JAGUARE
Artur Alvim,2021,4108.0,ARTUR ALVIM
Barra Funda,2021,440.0,BARRA FUNDA
Bela Vista,2021,2019.0,BELA VISTA
Belém,2021,6172.0,BELEM
Bom Retiro,2021,3105.0,BOM RETIRO
Cambuci,2021,1016.0,CAMBUCI
Casa Verde,2021,2323.0,CASA VERDE
Cidade Ademar,2021,19322.0,CIDADE ADEMAR
Moóca,2021,3279.0,MOOCA
Morumbi,2021,1298.0,MORUMBI
Parelheiros,2021,8920.0,PARELHEIROS
São Rafael,2021,8208.0,SAO RAFAEL
Sapopemba,2021,16444.0,SAPOPEMBA
Marsilac,2021,732.0,MARSILAC
Ponte Rasa,2021,3475.0,PONTE RASA
Campo Limpo,2021,10240.0,CAMPO LIMPO
Cidade Dutra,2021,7611.0,CIDADE DUTRA
Cidade Líder,2021,6256.0,CIDADE LIDER
Cidade Tiradentes,2021,14890.0,CIDADE TIRADENTES
Consolação,2021,197.0,CONSOLACAO
Parque Do Carmo,2022,5176.0,PARQUE DO CARMO
Pedreira,2022,15135.0,PEDREIRA
Penha,2022,5216.0,PENHA
Perdizes,2022,437.0,PERDIZES
Perus,2022,8894.0,PERUS
Pinheiros,2022,803.0,PINHEIROS
Pirituba,2022,6194.0,PIRITUBA
Raposo Tavares,2022,4970.0,RAPOSO TAVARES
República,2022,4214.0,REPUBLICA
Rio Pequeno,2022,4325.0,RIO PEQUENO
Santa Cecília,2022,4889.0,SANTA CECILIA
Santana,2022,3059.0,SANTANA
Santo Amaro,2022,2648.0,SANTO AMARO
São Domingos,2022,2664.0,SAO DOMINGOS
São Lucas,2022,5165.0,SAO LUCAS
São Mateus,2022,10582.0,SAO MATEUS
São Miguel,2022,6078.0,SAO MIGUEL
Saúde,2022,1575.0,SAUDE
Sé,2022,3159.0,SE
Socorro,2022,1083.0,SOCORRO
Tatuapé,2022,2083.0,TATUAPE
Tremembé,2022,11862.0,TREMEMBE
Tucuruvi,2022,1963.0,TUCURUVI
Vila Andrade,2022,5733.0,VILA ANDRADE
Pari,2022,1905.0,PARI
Vila Curuçá,2022,11545.0,VILA CURUCA
Vila Formosa,2022,3146.0,VILA FORMOSA
Vila Guilherme,2022,2478.0,VILA GUILHERME
Vila Jacuí,2022,9721.0,VILA JACUI
Vila Leopoldina,2022,505.0,VILA LEOPOLDINA
Vila Maria,2022,8251.0,VILA MARIA
Ipiranga,2022,2932.0,IPIRANGA
Itaim Bibi,2022,729.0,ITAIM BIBI
Itaim Paulista,2022,18943.0,ITAIM PAULISTA
Jardim Paulista,2022,340.0,JARDIM PAULISTA
Jardim São Luís,2022,15655.0,JARDIM SAO LUIS
José Bonifácio,2022,6248.0,JOSE BONIFACIO
Lajeado,2022,14727.0,LAJEADO
Lapa,2022,1363.0,LAPA
Liberdade,2022,1488.0,LIBERDADE
Limão,2022,3458.0,LIMAO
Mandaqui,2022,2435.0,MANDAQUI
Moema,2022,297.0,MOEMA
Vila Mariana,2022,1092.0,VILA MARIANA
Vila Matilde,2022,3333.0,VILA MATILDE
Vila Medeiros,2022,6021.0,VILA MEDEIROS
Vila Prudente,2022,3615.0,VILA PRUDENTE
Vila Sônia,2022,3240.0,VILA SONIA
Água Rasa,2022,2513.0,AGUA RASA
Alto De Pinheiros,2022,152.0,ALTO DE PINHEIROS
Anhanguera,2022,5900.0,ANHANGUERA
Aricanduva,2022,3950.0,ARICANDUVA
Cursino,2022,2971.0,CURSINO
Ermelino Matarazzo,2022,8092.0,ERMELINO MATARAZZO
Freguesia Do Ó,2022,5335.0,FREGUESIA DO O
Grajaú,2022,28216.0,GRAJAU
Guaianases,2022,7225.0,GUAIANASES
Sacomã,2022,10132.0,SACOMA
Iguatemi,2022,12970.0,IGUATEMI
Brás,2022,2177.0,BRAS
Brasilândia,2022,19557.0,BRASILANDIA
Butantã,2022,968.0,BUTANTA
Cachoeirinha,2022,6109.0,CACHOEIRINHA
Campo Belo,2022,1325.0,CAMPO BELO
Campo Grande,2022,2248.0,CAMPO GRANDE
Cangaíba,2022,7608.0,CANGAIBA
Capão Redondo,2022,15018.0,CAPAO REDONDO
Carrão,2022,1819.0,CARRAO
Itaquera,2022,11706.0,ITAQUERA
Jabaquara,2022,11303.0,JABAQUARA
Jaçanã,2022,5179.0,JACANA
Jaguara,2022,582.0,JAGUARA
Jaraguá,2022,15712.0,JARAGUA
Jardim Ângela,2022,25653.0,JARDIM ANGELA
Jardim Helena,2022,11385.0,JARDIM HELENA
Jaguaré,2022,1592.0,JAGUARE
Artur Alvim,2022,5201.0,ARTUR ALVIM
Barra Funda,2022,517.0,BARRA FUNDA
Bela Vista,2022,2554.0,BELA VISTA
Belém,2022,6416.0,BELEM
Bom Retiro,2022,3725.0,BOM RETIRO
Cambuci,2022,1418.0,CAMBUCI
Casa Verde,2022,3066.0,CASA VERDE
Cidade Ademar,2022,22968.0,CIDADE ADEMAR
Moóca,2022,3820.0,MOOCA
Morumbi,2022,1654.0,MORUMBI
Parelheiros,2022,12466.0,PARELHEIROS
São Rafael,2022,10889.0,SAO RAFAEL
Sapopemba,2022,20227.0,SAPOPEMBA
Marsilac,2022,1146.0,MARSILAC
Ponte Rasa,2022,4387.0,PONTE RASA
Campo Limpo,2022,12461.0,CAMPO LIMPO
Cidade Dutra,2022,9931.0,CIDADE DUTRA
Cidade Líder,2022,8019.0,CIDADE LIDER
Cidade Tiradentes,2022,19668.0,CIDADE TIRADENTES
Consolação,2022,565.0,CONSOLACAO
Parque Do Carmo,2023,5959.0,PARQUE DO CARMO
Pedreira,2023,17371.0,PEDREIRA
Penha,2023,6701.0,PENHA
Perdizes,2023,597.0,PERDIZES
Perus,2023,10360.0,PERUS
Pinheiros,2023,1053.0,PINHEIROS
Pirituba,2023,8076.0,PIRITUBA
Raposo Tavares,2023,5934.0,RAPOSO TAVARES
República,2023,5643.0,REPUBLICA
Rio Pequeno,2023,5253.0,RIO PEQUENO
Santa Cecília,2023,5962.0,SANTA CECILIA
Santana,2023,4742.0,SANTANA
Santo Amaro,2023,3236.0,SANTO AMARO
São Domingos,2023,3770.0,SAO DOMINGOS
São Lucas,2023,6640.0,SAO LUCAS
São Mateus,2023,12377.0,SAO MATEUS
São Miguel,2023,7972.0,SAO MIGUEL
Saúde,2023,1791.0,SAUDE
Sé,2023,5234.0,SE
Socorro,2023,1306.0,SOCORRO
Tatuapé,2023,5336.0,TATUAPE
Tremembé,2023,14363.0,TREMEMBE
Tucuruvi,2023,2511.0,TUCURUVI
Vila Andrade,2023,7297.0,VILA ANDRADE
Pari,2023,2623.0,PARI
Vila Curuçá,2023,14564.0,VILA CURUCA
Vila Formosa,2023,3867.0,VILA FORMOSA
Vila Guilherme,2023,2999.0,VILA GUILHERME
Vila Jacuí,2023,12621.0,VILA JACUI
Vila Leopoldina,2023,727.0,VILA LEOPOLDINA
Vila Maria,2023,10485.0,VILA MARIA
Ipiranga,2023,3952.0,IPIRANGA
Itaim Bibi,2023,710.0,ITAIM BIBI
Itaim Paulista,2023,23023.0,ITAIM PAULISTA
Jardim Paulista,2023,389.0,JARDIM PAULISTA
Jardim São Luís,2023,17873.0,JARDIM SAO LUIS
José Bonifácio,2023,7897.0,JOSE BONIFACIO
Lajeado,2023,18354.0,LAJEADO
Lapa,2023,1792.0,LAPA
Liberdade,2023,1969.0,LIBERDADE
Limão,2023,4322.0,LIMAO
Mandaqui,2023,3223.0,MANDAQUI
Moema,2023,344.0,MOEMA
Vila Mariana,2023,1389.0,VILA MARIANA
Vila Matilde,2023,4146.0,VILA MATILDE
Vila Medeiros,2023,7646.0,VILA MEDEIROS
Vila Prudente,2023,4843.0,VILA PRUDENTE
Vila Sônia,2023,3938.0,VILA SONIA
Água Rasa,2023,3017.0,AGUA RASA
Alto De Pinheiros,2023,205.0,ALTO DE PINHEIROS
Anhanguera,2023,7320.0,ANHANGUERA
Aricanduva,2023,5089.0,ARICANDUVA
Cursino,2023,3903.0,CURSINO
Ermelino Matarazzo,2023,10182.0,ERMELINO MATARAZZO
Freguesia Do Ó,2023,6887.0,FREGUESIA DO O
Grajaú,2023,34028.0,GRAJAU
Guaianases,2023,9387.0,GUAIANASES
Sacomã,2023,13092.0,SACOMA
Iguatemi,2023,15599.0,IGUATEMI
Brás,2023,2831.0,BRAS
Brasilândia,2023,24146.0,BRASILANDIA
Butantã,2023,1042.0,BUTANTA
Cachoeirinha,2023,8454.0,CACHOEIRINHA
Campo Belo,2023,1588.0,CAMPO BELO
Campo Grande,2023,2846.0,CAMPO GRANDE
Cangaíba,2023,10116.0,CANGAIBA
Capão Redondo,2023,16904.0,CAPAO REDONDO
Carrão,2023,2311.0,CARRAO
Itaquera,2023,15296.0,ITAQUERA
Jabaquara,2023,13725.0,JABAQUARA
Jaçanã,2023,6534.0,JACANA
Jaguara,2023,692.0,JAGUARA
Jaraguá,2023,18553.0,JARAGUA
Jardim Ângela,2023,29158.0,JARDIM ANGELA
Jardim Helena,2023,14915.0,JARDIM HELENA
Jaguaré,2023,2074.0,JAGUARE
Artur Alvim,2023,6536.0,ARTUR ALVIM
Barra Funda,2023,490.0,BARRA FUNDA
Bela Vista,2023,3040.0,BELA VISTA
Belém,2023,5997.0,BELEM
Bom Retiro,2023,5292.0,BOM RETIRO
Cambuci,2023,2245.0,CAMBUCI
Casa Verde,2023,4034.0,CASA VERDE
Cidade Ademar,2023,27075.0,CIDADE ADEMAR
Moóca,2023,4830.0,MOOCA
Morumbi,2023,1932.0,MORUMBI
Parelheiros,2023,16314.0,PARELHEIROS
São Rafael,2023,13609.0,SAO RAFAEL
Sapopemba,2023,24467.0,SAPOPEMBA
Marsilac,2023,1324.0,MARSILAC
Ponte Rasa,2023,5578.0,PONTE RASA
Campo Limpo,2023,14194.0,CAMPO LIMPO
Cidade Dutra,2023,11839.0,CIDADE DUTRA
Cidade Líder,2023,10071.0,CIDADE LIDER
Cidade Tiradentes,2023,22712.0,CIDADE TIRADENTES
Consolação,2023,461.0,CONSOLACAO
